{
    "areas": {
        "Production Assembly 01": [
            [
                12.184848530026258,
                5.332318346403311
            ],
            [
                12.122673711346758,
                0.013825889599502856
            ],
            [
                5.843222258216956,
                0.1101751308994765
            ],
            [
                6.121880354843185,
                5.340910302655971
            ],
            [
                12.184848530026258,
                5.332318346403311
            ]
        ],
        "Couch": [
            [
                15.899762575087253,
                10.167083998252828
            ],
            [
                22.490531113907743,
                10.167083998252828
            ],
            [
                22.54389766078078,
                6.831674818687803
            ],
            [
                15.846396028214214,
                6.831674818687803
            ]
        ],
        "Toilet": [
            [
                0.07658142723077965,
                7.338657013981688
            ],
            [
                6.320467411376503,
                7.285290467108647
            ],
            [
                6.1070012238843425,
                0.2142230064307986
            ],
            [
                0.02321488035773811,
                0.2142230064307986
            ]
        ],
        "Software": [
            [
                15.259364012610769,
                6.8049915452512835
            ],
            [
                21.690032910812135,
                6.8049915452512835
            ],
            [
                21.690032910812135,
                0.0007568189386368829
            ],
            [
                15.232680739174247,
                0.05412336581167754
            ]
        ],
        "Production Assembly 02": [
            [
                6.266300366300368,
                15.272127872127871
            ],
            [
                9.43040293040293,
                15.251581751581753
            ],
            [
                9.594771894771895,
                10.197236097236097
            ],
            [
                6.245754245754248,
                10.197236097236097
            ]
        ],
        "Entrance": [
            [
                30.222317359316516,
                15.610016294781481
            ],
            [
                30.377344010424952,
                11.428072570584996
            ],
            [
                33.586016070394344,
                11.463275724052876
            ],
            [
                33.56221316951087,
                15.629133397446505
            ],
            [
                30.222317359316516,
                15.610016294781481
            ]
        ],
        "Accounting & Logistics": [
            [
                27.26367835582158,
                5.5653512909202805
            ],
            [
                27.372022593960526,
                0.10351636480652367
            ],
            [
                33.612178741381854,
                0.1344235406001784
            ],
            [
                33.543129809557186,
                5.469002049111051
            ],
            [
                27.26367835582158,
                5.5653512909202805
            ]
        ],
        "Marketing & Sales": [
            [
                21.74339945768517,
                6.8049915452512835
            ],
            [
                27.373570152790933,
                6.778308271814764
            ],
            [
                27.29352033248137,
                0.05412336581167754
            ],
            [
                21.770082731121697,
                0.0007568189386368829
            ]
        ],
        "Kitchen": [
            [
                0.04989815379425799,
                15.610471779302944
            ],
            [
                6.2937841379399835,
                15.610471779302944
            ],
            [
                6.240417591066944,
                7.338657013981688
            ],
            [
                0.04989815379425799,
                7.338657013981688
            ]
        ],
        "Backbox": [
            [
                8.847825483282683,
                10.21042531831658
            ],
            [
                8.898304049106207,
                6.77593404559836
            ],
            [
                12.106976108633091,
                6.811137199772973
            ],
            [
                12.141757071906246,
                10.173957237425702
            ],
            [
                8.847825483282683,
                10.21042531831658
            ]
        ],
        "Meeting rooms": [
            [
                15.914619438273258,
                10.01755976909189
            ],
            [
                15.932471614250614,
                6.893166514116832
            ],
            [
                12.106976108633091,
                6.811137199772973
            ],
            [
                12.141757071906246,
                10.173957237425702
            ],
            [
                15.914619438273258,
                10.01755976909189
            ]
        ],
        "Packaging": [
            [
                27.36802124426613,
                15.6538114046995
            ],
            [
                27.391824144543804,
                11.487953731815125
            ],
            [
                30.377344010424952,
                11.428072570584996
            ],
            [
                30.222317359316516,
                15.610016294781481
            ],
            [
                27.36802124426613,
                15.6538114046995
            ]
        ],
        "Warehouse": [
            [
                27.14115884115884,
                10.2999666999667
            ],
            [
                27.202797202797203,
                15.55977355977356
            ],
            [
                9.697502497502498,
                15.55977355977356
            ],
            [
                9.574225774225777,
                10.2999666999667
            ]
        ],
        "Front desk": [
            [
                28.627684004307383,
                11.554614216951876
            ],
            [
                33.5374063166271,
                11.501247670078836
            ],
            [
                33.590772863500135,
                5.577560967171355
            ],
            [
                28.6543672777439,
                5.497511146861795
            ]
        ],
        "Administration": [
            [
                12.297520661157028,
                6.885041365560845
            ],
            [
                15.232680739174247,
                6.778308271814764
            ],
            [
                15.232680739174247,
                0.05412336581167754
            ],
            [
                12.110737747101384,
                0.05412336581167754
            ]
        ],
        "Frontbox": [
            [
                22.54844683692787,
                10.00020879066856
            ],
            [
                22.520334790122828,
                6.820230353156109
            ],
            [
                28.714526715367562,
                6.795552345903116
            ],
            [
                28.664048150149842,
                10.230043618112083
            ],
            [
                22.54844683692787,
                10.00020879066856
            ]
        ]
    },
    "mapping": {
        "Accounting & Logistics": "demoGateway03",
        "Administration": "demoGateway06",
        "Backbox": "demoGateway19",
        "Couch": "demoGateway17",
        "Entrance": "demoGateway01",
        "Front desk": "demoGateway02",
        "Frontbox": "demoGateway16",
        "Kitchen": "demoGateway10",