{   "zerocoords": [
        50.0510108,
        19.9828327
    ],
    "map-ok": true,
    "extents": [
        -1.7032967032967032,
        36.38461538461539,
        -2.10989010989011,
        18.23076923076923
    ],
    "matrix": [
        [
            -6.919191919201231e-06,
            5.7215836527826635e-06
        ],
        [
            8.921568627428817e-06,
            1.0613026820079675e-05
        ]
    ],
    "zero": [
        1.7032967032967032,
        2.10989010989011
    ],
    "bounds": [
	[0,0],
	[33,15]
    ],
    "scale": 91,
    "mapfile": "plan-final-wymiary.png",
    "wallmap": "walls2.png"
}
